Trait,Rarity
Background
Green,0.3333333333333334
Pink,0.3333333333333334
Purple,0.3333333333333334
Shape
circle,0.1111111111111111
flag,0.25000000000000006
hexagon,0.27777777777777785
square,0.1111111111111111
triangle,0.25000000000000006
Emotion
joy,0.19444444444444448
mocking,0.3333333333333334
sad,0.22222222222222227
shrug,0.1388888888888889
smile,0.1111111111111111
