Trait,Rarity
Background
Green,0.4722222222222224
Pink,0.3333333333333334
Purple,0.19444444444444448
Shape
circle,0.27777777777777785
flag,0.25000000000000006
hexagon,0.22222222222222227
square,0.1388888888888889
triangle,0.1111111111111111
Emotion
joy,0.19444444444444448
mocking,0.1388888888888889
sad,0.22222222222222227
shrug,0.25000000000000006
smile,0.19444444444444448
