Trait,Rarity
Background
Green,0.5555555555555557
Pink,0.30555555555555564
Purple,0.1388888888888889
Shape
circle,0.30555555555555564
flag,0.27777777777777785
hexagon,0.22222222222222227
square,0.16666666666666669
triangle,0.027777777777777776
Emotion
joy,0.16666666666666669
mocking,0.19444444444444448
sad,0.1111111111111111
shrug,0.22222222222222227
smile,0.30555555555555564
